date,ticker,action,price
2018-06-21,RELIANCE,BUY,464.01663387
2018-06-21,TCS,BUY,1819.35
2018-06-21,HDFCBANK,BUY,1028.80005
2018-06-21,INFY,BUY,623.275
2018-06-21,BAJFINANCE,BUY,2257.45
2018-06-22,HINDUNILVR,BUY,1608.1
2018-06-22,SBIN,BUY,273.04999
2018-06-26,RELIANCE,SELL,440.18517212
2018-06-27,SBIN,SELL,261.70001
2018-07-02,INFY,SELL,667.35
2018-07-03,INFY,BUY,676.875
2018-07-05,INFY,SELL,642.0
2018-07-06,INFY,BUY,642.125
2018-07-09,RELIANCE,BUY,448.34631169
2018-07-11,TCS,SELL,1979.9
2018-07-11,HINDUNILVR,SELL,1718.15
2018-07-12,RELIANCE,SELL,486.02701638
2018-07-12,TCS,BUY,1973.0
2018-07-12,HINDUNILVR,BUY,1742.35
2018-07-12,BAJFINANCE,SELL,2417.2
2018-07-13,RELIANCE,BUY,495.06498754
2018-07-13,BAJFINANCE,BUY,2474.0
2018-07-17,HINDUNILVR,SELL,1681.7
2018-07-19,HDFCBANK,SELL,1094.92505
2018-07-20,HDFCBANK,BUY,1094.525
2018-07-20,SBIN,BUY,261.5
2018-07-20,BAJFINANCE,SELL,2721.3501
2018-07-23,HINDUNILVR,BUY,1689.65
2018-07-23,ITC,BUY,268.21965416
2018-07-23,SBIN,SELL,266.35001
2018-07-23,BAJFINANCE,BUY,2755.8
2018-07-24,INFY,SELL,688.575
2018-07-24,SBIN,BUY,266.85001
2018-07-25,INFY,BUY,691.875
2018-07-26,SBIN,SELL,287.70001
2018-07-27,ITC,SELL,285.5880927
2018-07-27,SBIN,BUY,286.75
2018-07-30,ITC,BUY,284.17218738
2018-07-31,RELIANCE,SELL,533.2852636
2018-08-01,RELIANCE,BUY,536.14054304
2018-08-03,HDFCBANK,SELL,1060.82495
2018-08-06,SBIN,SELL,308.5
2018-08-07,SBIN,BUY,304.04999
2018-08-09,ICICIBANK,BUY,333.0
2018-08-13,SBIN,SELL,294.14999
2018-08-14,SBIN,BUY,294.89999
2018-08-23,RELIANCE,SELL,570.80858168
2018-08-24,RELIANCE,BUY,574.42826665
2018-08-27,HINDUNILVR,SELL,1792.3
2018-08-27,BAJFINANCE,SELL,2950.75
2018-08-28,HINDUNILVR,BUY,1771.2
2018-08-28,BAJFINANCE,BUY,2932.6001
2018-08-30,ITC,SELL,301.91821955
2018-08-31,ITC,BUY,301.91821955
2018-09-03,RELIANCE,SELL,552.68767433
2018-09-03,HINDUNILVR,SELL,1699.1
2018-09-03,BAJFINANCE,SELL,2724.05
2018-09-04,RELIANCE,BUY,558.44319825
2018-09-04,TCS,SELL,2098.8999
2018-09-04,INFY,SELL,737.15002
2018-09-04,ITC,SELL,292.24286656
2018-09-05,TCS,BUY,2079.25
2018-09-05,INFY,BUY,729.90002
2018-09-05,ITC,BUY,292.85641609
2018-09-10,SBIN,SELL,284.85001
2018-09-11,ITC,SELL,280.53804928
2018-09-12,ICICIBANK,SELL,322.89999
2018-09-12,BHARTIARTL,BUY,339.44144542
2018-09-21,INFY,SELL,705.29999
2018-09-24,BHARTIARTL,SELL,320.96905507
2018-09-25,INFY,BUY,726.20001
2018-10-01,TCS,SELL,2255.55
2018-10-03,TCS,BUY,2162.8501
2018-10-04,RELIANCE,SELL,504.62005655
2018-10-04,TCS,SELL,2064.8
2018-10-10,ICICIBANK,BUY,319.85001
2018-10-10,INFY,SELL,700.45001
2018-10-11,ICICIBANK,SELL,311.70001
2018-10-12,ICICIBANK,BUY,319.39999
2018-10-15,ICICIBANK,SELL,313.35001
2018-10-16,ICICIBANK,BUY,320.64999
2018-10-19,ITC,BUY,273.22253849
2018-10-22,ITC,SELL,272.32578901
2018-10-29,ICICIBANK,SELL,349.39999
2018-10-30,ICICIBANK,BUY,345.70001
2018-10-31,INFY,BUY,686.40002
2018-11-01,INFY,SELL,667.0
2018-11-14,ICICIBANK,SELL,366.60001
2018-11-15,ICICIBANK,BUY,370.0
2018-11-20,ICICIBANK,SELL,357.89999
2018-11-21,ICICIBANK,BUY,356.75
2018-11-22,SBIN,BUY,282.70001
2018-11-27,HINDUNILVR,BUY,1733.3
2018-12-05,HINDUNILVR,SELL,1848.1
2018-12-06,HINDUNILVR,BUY,1801.5
2018-12-10,SBIN,SELL,274.20001
2018-12-11,HDFCBANK,BUY,1029.775
2018-12-11,ICICIBANK,SELL,342.79999
2018-12-12,SBIN,BUY,285.25
2018-12-17,ICICIBANK,BUY,358.45001
2018-12-26,BAJFINANCE,BUY,2567.3999
2019-01-08,ICICIBANK,SELL,380.14999
2019-01-08,SBIN,SELL,305.29999
2019-01-09,ICICIBANK,BUY,382.25
2019-01-09,SBIN,BUY,305.29999
2019-01-18,HINDUNILVR,SELL,1744.1
2019-01-18,SBIN,SELL,294.95001
2019-01-22,ICICIBANK,SELL,369.04999
2019-01-22,INFY,BUY,745.34998
2019-01-25,RELIANCE,BUY,560.26428199
2019-01-28,BAJFINANCE,SELL,2458.5
2019-01-30,RELIANCE,SELL,537.64687157
2019-01-30,HDFCBANK,SELL,1017.35
2019-01-30,BAJFINANCE,BUY,2595.5
2019-01-31,RELIANCE,BUY,551.78837371
2019-02-01,HINDUNILVR,BUY,1799.3
2019-02-04,HDFCBANK,BUY,1052.44995
2019-02-06,RELIANCE,SELL,589.15431419
2019-02-07,RELIANCE,BUY,580.2287556
2019-02-11,TCS,BUY,2065.8999
2019-02-13,RELIANCE,SELL,560.24179948
2019-02-18,TCS,SELL,1970.3
2019-02-19,HINDUNILVR,SELL,1737.95
2019-02-21,ICICIBANK,BUY,351.29999
2019-02-22,ICICIBANK,SELL,352.04999
2019-02-25,ICICIBANK,BUY,355.60001
2019-02-26,TCS,BUY,2038.7
2019-02-26,ICICIBANK,SELL,348.20001
2019-02-28,BHARTIARTL,BUY,286.59236914
2019-03-01,HDFCBANK,SELL,1041.67505
2019-03-01,BHARTIARTL,SELL,277.22101013
2019-03-06,RELIANCE,BUY,568.71770776
2019-03-06,BAJFINANCE,SELL,2766.7
2019-03-07,HDFCBANK,BUY,1063.25
2019-03-07,INFY,SELL,722.95001
2019-03-07,BAJFINANCE,BUY,2734.8
2019-03-12,BHARTIARTL,BUY,317.00423131
2019-03-13,RELIANCE,SELL,605.81385805
2019-03-13,ICICIBANK,BUY,391.89999
2019-03-13,BHARTIARTL,SELL,304.34389474
2019-03-14,RELIANCE,BUY,603.22836878
2019-03-14,ITC,BUY,278.93334715
2019-03-14,BHARTIARTL,BUY,308.53396451
2019-03-18,HDFCBANK,SELL,1130.725
2019-03-18,BHARTIARTL,SELL,297.90109443
2019-03-18,BAJFINANCE,SELL,2929.55
2019-03-19,HDFCBANK,BUY,1133.875
2019-03-19,BHARTIARTL,BUY,303.44280252
2019-03-19,BAJFINANCE,BUY,2920.8999
2019-03-20,INFY,BUY,738.95001
2019-03-27,TCS,SELL,1967.9
2019-03-27,BHARTIARTL,SELL,290.6022385
2019-03-27,SBIN,BUY,308.79999
2019-03-28,BHARTIARTL,BUY,297.31538449
2019-04-01,TCS,BUY,2031.65
2019-04-02,BHARTIARTL,SELL,321.19432812
2019-04-02,SBIN,SELL,329.0
2019-04-03,BHARTIARTL,BUY,315.38227434
2019-04-03,SBIN,BUY,320.5
2019-04-05,BAJFINANCE,SELL,3114.2
2019-04-08,BAJFINANCE,BUY,3024.1001
2019-04-18,SBIN,SELL,310.79999
2019-04-22,TCS,SELL,2161.45
2019-04-23,TCS,BUY,2155.05
2019-04-23,INFY,SELL,728.20001
2019-04-30,INFY,BUY,751.34998
2019-05-03,INFY,SELL,723.59998
2019-05-08,RELIANCE,SELL,584.29809088
2019-05-08,BAJFINANCE,SELL,2921.3
2019-05-13,ICICIBANK,SELL,376.29999
2019-05-14,SBIN,BUY,314.64999
2019-05-16,INFY,BUY,733.09998
2019-05-16,BAJFINANCE,BUY,3110.05
2019-05-17,INFY,SELL,723.90002
2019-05-17,BAJFINANCE,SELL,3301.1001
2019-05-20,HDFCBANK,SELL,1216.17505
2019-05-20,ICICIBANK,BUY,407.70001
2019-05-20,SBIN,SELL,344.70001
2019-05-20,BAJFINANCE,BUY,3407.55
2019-05-21,RELIANCE,BUY,602.44148075
2019-05-21,HDFCBANK,BUY,1201.85
2019-05-21,SBIN,BUY,337.54999
2019-05-22,RELIANCE,SELL,602.71127093
2019-05-22,TCS,SELL,2081.75
2019-05-23,RELIANCE,BUY,599.78854394
2019-05-24,BHARTIARTL,SELL,346.6951255
2019-05-27,ICICIBANK,SELL,435.5
2019-05-27,ITC,SELL,274.54405011
2019-05-27,BHARTIARTL,BUY,343.06325858
2019-05-27,SBIN,SELL,361.70001
2019-05-28,ICICIBANK,BUY,434.29999
2019-05-28,SBIN,BUY,360.04999
2019-05-29,BHARTIARTL,SELL,332.56031066
2019-05-29,SBIN,SELL,348.64999
2019-05-30,TCS,BUY,2146.3
2019-05-30,BHARTIARTL,BUY,340.31483599
2019-05-30,SBIN,BUY,353.54999
2019-06-03,HINDUNILVR,BUY,1839.7
2019-06-04,ICICIBANK,SELL,419.10001
2019-06-06,ICICIBANK,BUY,411.54999
2019-06-06,SBIN,SELL,336.89999
2019-06-07,SBIN,BUY,342.04999
2019-06-17,RELIANCE,SELL,576.58658812
2019-06-20,TCS,SELL,2277.95
2019-06-20,INFY,BUY,754.90002
2019-06-21,TCS,BUY,2249.8501
2019-06-21,HINDUNILVR,SELL,1766.65
2019-06-26,ICICIBANK,SELL,438.64999
2019-06-26,BAJFINANCE,SELL,3627.95
2019-06-27,ICICIBANK,BUY,440.95001
2019-06-27,INFY,SELL,730.54999
2019-06-27,BAJFINANCE,BUY,3642.2
2019-07-02,SBIN,SELL,364.5
2019-07-03,SBIN,BUY,366.14999
2019-07-05,TCS,SELL,2163.1001
2019-07-08,ICICIBANK,SELL,425.89999
2019-07-08,BAJFINANCE,SELL,3413.3
2019-07-09,BAJFINANCE,BUY,3603.1001
2019-07-10,ICICIBANK,BUY,430.89999
2019-07-10,SBIN,SELL,354.20001
2019-07-10,BAJFINANCE,SELL,3429.05
2019-07-11,SBIN,BUY,363.20001
2019-07-15,INFY,BUY,779.34998
2019-07-19,ICICIBANK,SELL,410.29999
2019-07-22,HDFCBANK,SELL,1148.625
2019-07-22,SBIN,SELL,350.85001
2019-07-25,BHARTIARTL,SELL,332.75663708
2019-07-29,ICICIBANK,BUY,429.35001
2019-07-30,TCS,BUY,2179.1499
2019-07-31,TCS,SELL,2205.7
2019-08-02,ICICIBANK,SELL,410.60001
2019-08-05,BHARTIARTL,BUY,351.112249
2019-08-06,TCS,BUY,2214.8999
2019-08-08,BAJFINANCE,BUY,3334.7
2019-08-09,ICICIBANK,BUY,420.14999
2019-08-09,BAJFINANCE,SELL,3419.7
2019-08-13,ICICIBANK,SELL,410.25
2019-08-13,HINDUNILVR,BUY,1824.75
2019-08-14,ICICIBANK,BUY,417.29999
2019-08-16,ICICIBANK,SELL,418.95001
2019-08-19,ICICIBANK,BUY,423.39999
2019-08-20,ICICIBANK,SELL,416.89999
2019-08-27,ICICIBANK,BUY,418.60001
2019-08-28,ICICIBANK,SELL,412.95001
2019-08-28,BHARTIARTL,SELL,339.43139166
2019-09-05,INFY,SELL,834.04999
2019-09-06,INFY,BUY,840.15002
2019-09-09,BHARTIARTL,BUY,349.88527025
2019-09-12,TCS,SELL,2133.6001
2019-09-13,BHARTIARTL,SELL,336.73203841
2019-09-20,HINDUNILVR,SELL,1969.75
2019-09-20,INFY,SELL,805.0
2019-09-20,BHARTIARTL,BUY,349.83617147
2019-09-23,HINDUNILVR,BUY,2039.75
2019-09-23,BHARTIARTL,SELL,341.59088408
2019-09-23,BAJFINANCE,BUY,4023.75
2019-09-24,BHARTIARTL,BUY,342.22890321
2019-09-25,BHARTIARTL,SELL,335.35782221
2019-10-03,HINDUNILVR,SELL,1962.05
2019-10-04,HDFCBANK,BUY,1189.7
2019-10-04,HINDUNILVR,BUY,1944.2
2019-10-07,BAJFINANCE,SELL,3900.8999
2019-10-09,ICICIBANK,BUY,436.70001
2019-10-09,BAJFINANCE,BUY,4023.8999
2019-10-10,RELIANCE,BUY,612.76095528
2019-10-11,INFY,BUY,814.79999
2019-10-11,BHARTIARTL,BUY,375.84812097
2019-10-14,INFY,SELL,786.09998
2019-10-14,BAJFINANCE,SELL,3883.3
2019-10-15,HINDUNILVR,SELL,2064.3999
2019-10-15,BAJFINANCE,BUY,3879.45
2019-10-16,HINDUNILVR,BUY,2071.0
2019-10-18,BAJFINANCE,SELL,4137.6499
2019-10-22,BAJFINANCE,BUY,4034.1499
2019-10-23,BHARTIARTL,SELL,353.71344395
2019-10-24,BHARTIARTL,BUY,365.49243995
2019-10-25,ICICIBANK,SELL,469.54999
2019-10-29,RELIANCE,SELL,659.65948226
2019-10-29,ICICIBANK,BUY,477.39999
2019-10-29,BHARTIARTL,SELL,353.27171197
2019-10-30,RELIANCE,BUY,665.07776845
2019-10-30,BHARTIARTL,BUY,361.17347475
2019-10-31,ICICIBANK,SELL,463.04999
2019-11-01,ICICIBANK,BUY,462.25
2019-11-07,HDFCBANK,SELL,1263.7
2019-11-08,HDFCBANK,BUY,1255.6
2019-11-11,RELIANCE,SELL,642.01070773
2019-11-11,ICICIBANK,SELL,496.79999
2019-11-13,RELIANCE,BUY,662.02014637
2019-11-13,ICICIBANK,BUY,485.75
2019-11-15,BHARTIARTL,SELL,385.81118842
2019-11-18,BHARTIARTL,BUY,401.66377351
2019-11-19,BHARTIARTL,SELL,431.25850097
2019-11-20,BHARTIARTL,BUY,429.24623618
2019-11-21,SBIN,BUY,331.35001
2019-11-22,BHARTIARTL,SELL,412.90287923
2019-11-25,RELIANCE,SELL,702.15143623
2019-11-25,BHARTIARTL,BUY,443.08655649
2019-11-26,RELIANCE,BUY,701.56689083
2019-11-26,BHARTIARTL,SELL,424.38741996
2019-11-27,BHARTIARTL,BUY,425.36900296
2019-11-28,ICICIBANK,SELL,519.15002
2019-11-29,ICICIBANK,BUY,512.59998
2019-12-04,BHARTIARTL,SELL,452.90238649
2019-12-05,BHARTIARTL,BUY,439.11116497
2019-12-06,SBIN,SELL,320.0
2019-12-09,HINDUNILVR,SELL,2008.15
2019-12-13,BHARTIARTL,SELL,419.92119768
2019-12-13,SBIN,BUY,332.54999
2019-12-19,BHARTIARTL,BUY,441.17248927
2019-12-20,ICICIBANK,SELL,546.09998
2019-12-23,ICICIBANK,BUY,541.29999
2020-01-01,RELIANCE,SELL,678.7921028
2020-01-01,TCS,BUY,2167.6001
2020-01-06,SBIN,SELL,319.0
2020-01-07,ICICIBANK,SELL,522.90002
2020-01-09,ICICIBANK,BUY,546.29999
2020-01-10,RELIANCE,BUY,695.90129697
2020-01-10,SBIN,BUY,332.25
2020-01-17,BHARTIARTL,SELL,490.84056945
2020-01-17,SBIN,SELL,318.0
2020-01-20,BHARTIARTL,BUY,499.33128203
2020-01-22,ICICIBANK,SELL,522.84998
2020-01-22,INFY,BUY,770.20001
2020-01-23,HDFCBANK,SELL,1244.85
2020-01-27,ICICIBANK,BUY,537.25
2020-01-28,RELIANCE,SELL,661.7728387
2020-01-28,BHARTIARTL,SELL,482.20264886
2020-01-29,HINDUNILVR,BUY,2074.2
2020-01-29,BHARTIARTL,BUY,481.22106586
2020-01-29,BAJFINANCE,SELL,4419.0
2020-01-30,BAJFINANCE,BUY,4364.2998
2020-01-31,TCS,SELL,2079.05
2020-02-01,ICICIBANK,SELL,504.60001
2020-02-05,ICICIBANK,BUY,539.09998
2020-02-05,BHARTIARTL,SELL,523.52727354
2020-02-06,BHARTIARTL,BUY,536.72957471
2020-02-06,SBIN,BUY,321.95001
2020-02-06,BAJFINANCE,SELL,4666.3501
2020-02-07,SBIN,SELL,320.54999
2020-02-07,BAJFINANCE,BUY,4654.2998
2020-02-10,SBIN,BUY,318.5
2020-02-11,SBIN,SELL,324.35001
2020-02-12,TCS,BUY,2170.75
2020-02-12,HINDUNILVR,SELL,2260.3501
2020-02-12,SBIN,BUY,320.20001
2020-02-13,TCS,SELL,2191.95
2020-02-13,HINDUNILVR,BUY,2283.3999
2020-02-14,TCS,BUY,2184.2
2020-02-17,SBIN,SELL,314.20001
2020-02-18,SBIN,BUY,317.54999
2020-02-19,SBIN,SELL,320.35001
2020-02-20,SBIN,BUY,327.64999
2020-02-24,TCS,SELL,2115.3501
2020-02-24,BHARTIARTL,SELL,520.14085145
2020-02-25,TCS,BUY,2156.1499
2020-02-25,BHARTIARTL,BUY,525.39230087
2020-02-26,TCS,SELL,2123.6001
2020-02-27,ICICIBANK,SELL,515.34998
2020-02-28,HINDUNILVR,SELL,2174.75
2020-02-28,INFY,SELL,731.70001
2020-02-28,SBIN,SELL,303.0
2020-02-28,BAJFINANCE,SELL,4465.8501
2020-03-02,BHARTIARTL,SELL,508.80352854
2020-03-05,HINDUNILVR,BUY,2218.0
2020-03-09,HINDUNILVR,SELL,2121.5
2020-03-25,HINDUNILVR,BUY,2088.1499
2020-03-26,HINDUNILVR,SELL,2194.8999
2020-03-27,HINDUNILVR,BUY,2140.55
2020-03-30,HINDUNILVR,SELL,2184.3501
2020-03-31,HINDUNILVR,BUY,2298.5
2020-04-01,HINDUNILVR,SELL,2179.6499
2020-04-03,HINDUNILVR,BUY,2154.1001
2020-04-07,HINDUNILVR,SELL,2444.8999
2020-04-08,HINDUNILVR,BUY,2460.8501
2020-04-09,HINDUNILVR,SELL,2372.25
2020-04-13,HINDUNILVR,BUY,2346.45
2020-04-15,HINDUNILVR,SELL,2487.55
2020-04-16,HINDUNILVR,BUY,2436.1001
2020-04-20,HINDUNILVR,SELL,2336.55
2020-04-21,HINDUNILVR,BUY,2317.3999
2020-04-29,HINDUNILVR,SELL,2231.75
2020-05-04,BHARTIARTL,BUY,522.69294762
2020-05-12,RELIANCE,BUY,665.145216
2020-05-19,RELIANCE,SELL,639.54127257
2020-05-19,BHARTIARTL,SELL,587.77189072
2020-05-20,BHARTIARTL,BUY,583.10937147
2020-05-26,BHARTIARTL,SELL,548.95029288
2020-05-27,BHARTIARTL,BUY,552.7293678
2020-05-28,RELIANCE,BUY,668.29770639
2020-06-04,RELIANCE,SELL,717.11782412
2020-06-05,RELIANCE,BUY,717.98029017
2020-06-08,TCS,BUY,2071.75
2020-06-16,BHARTIARTL,SELL,534.86459646
2020-06-17,INFY,BUY,703.65002
2020-06-19,RELIANCE,SELL,798.64356232
2020-06-19,BHARTIARTL,BUY,561.95626763
2020-06-22,RELIANCE,BUY,792.62899644
2020-06-25,ITC,BUY,190.76965228
2020-06-26,INFY,SELL,748.20001
2020-06-26,ITC,SELL,184.25647839
2020-06-29,HDFCBANK,BUY,1076.05
2020-06-29,INFY,BUY,731.75
2020-06-29,ITC,BUY,186.19154899
2020-07-03,TCS,SELL,2199.6499
2020-07-06,RELIANCE,SELL,840.58664812
2020-07-06,TCS,BUY,2263.2
2020-07-07,RELIANCE,BUY,827.7177468
2020-07-07,INFY,SELL,794.15002
2020-07-08,INFY,BUY,774.70001
2020-07-10,BAJFINANCE,BUY,3314.1499
2020-07-13,RELIANCE,SELL,878.35358252
2020-07-13,HINDUNILVR,BUY,2265.25
2020-07-14,RELIANCE,BUY,870.18285152
2020-07-14,TCS,SELL,2171.95
2020-07-14,BAJFINANCE,SELL,3190.95
2020-07-15,RELIANCE,SELL,837.04599802
2020-07-15,TCS,BUY,2233.8999
2020-07-15,INFY,SELL,830.95001
2020-07-15,BAJFINANCE,BUY,3149.25
2020-07-16,RELIANCE,BUY,836.77364032
2020-07-16,INFY,BUY,911.0
2020-07-20,BAJFINANCE,SELL,3441.5
2020-07-21,RELIANCE,SELL,894.94470575
2020-07-21,BAJFINANCE,BUY,3292.45
2020-07-22,RELIANCE,BUY,909.67471802
2020-07-23,ICICIBANK,BUY,392.25
2020-07-24,RELIANCE,SELL,974.20075106
2020-07-24,TCS,SELL,2157.3999
2020-07-27,RELIANCE,BUY,978.76278792
2020-07-27,TCS,BUY,2206.8
2020-07-27,ICICIBANK,SELL,358.5
2020-07-27,BAJFINANCE,SELL,3171.1499
2020-07-28,BAJFINANCE,BUY,3239.6001
2020-07-29,SBIN,BUY,191.2
2020-07-30,HINDUNILVR,SELL,2195.6001
2020-07-30,BHARTIARTL,SELL,542.52093404
2020-07-31,RELIANCE,SELL,938.31771487
2020-07-31,HDFCBANK,SELL,1032.8
2020-07-31,INFY,SELL,966.0
2020-08-03,RELIANCE,BUY,911.94436552
2020-08-03,INFY,BUY,956.90002
2020-08-04,RELIANCE,SELL,976.22082812
2020-08-05,RELIANCE,BUY,965.2583853
2020-08-06,ICICIBANK,BUY,358.75
2020-08-07,ICICIBANK,SELL,357.95001
2020-08-07,BAJFINANCE,SELL,3464.3
2020-08-10,ICICIBANK,BUY,363.54999
2020-08-10,BAJFINANCE,BUY,3442.95
2020-08-12,SBIN,SELL,203.3
2020-08-13,SBIN,BUY,201.89999
2020-08-14,BAJFINANCE,SELL,3331.1001
2020-08-17,SBIN,SELL,193.10001
2020-08-17,BAJFINANCE,BUY,3384.8
2020-08-18,HINDUNILVR,BUY,2214.3501
2020-08-18,SBIN,BUY,195.10001
2020-08-19,HDFCBANK,BUY,1066.6
2020-08-25,ICICIBANK,SELL,386.35001
2020-08-25,SBIN,SELL,207.95
2020-08-25,BAJFINANCE,SELL,3642.8999
2020-08-26,ICICIBANK,BUY,389.35001
2020-08-26,SBIN,BUY,209.85001
2020-08-26,BAJFINANCE,BUY,3645.55
2020-08-27,HINDUNILVR,SELL,2171.25
2020-08-28,SBIN,SELL,224.85001
2020-08-31,ITC,SELL,180.38634663
2020-08-31,SBIN,BUY,212.0
2020-08-31,BAJFINANCE,SELL,3487.8
2020-09-01,INFY,SELL,914.15002
2020-09-01,BAJFINANCE,BUY,3643.8501
2020-09-02,HDFCBANK,SELL,1134.15
2020-09-03,HDFCBANK,BUY,1130.9
2020-09-04,ICICIBANK,SELL,372.54999
2020-09-07,BAJFINANCE,SELL,3505.1499
2020-09-08,TCS,SELL,2348.2
2020-09-08,SBIN,SELL,204.05
2020-09-09,TCS,BUY,2327.6499
2020-09-09,HDFCBANK,SELL,1096.5
2020-09-10,RELIANCE,SELL,1050.39286303
2020-09-11,RELIANCE,BUY,1053.00295765
2020-09-11,INFY,BUY,945.70001
2020-09-11,BAJFINANCE,BUY,3544.3999
2020-09-14,TCS,SELL,2491.3999
2020-09-15,TCS,BUY,2491.3999
2020-09-17,INFY,SELL,1011.0
2020-09-18,INFY,BUY,1002.15
2020-09-21,BAJFINANCE,SELL,3330.1499
2020-09-22,RELIANCE,SELL,1003.70616856
2020-09-23,RELIANCE,BUY,1012.62592863
2020-09-24,TCS,SELL,2332.25
2020-09-25,TCS,BUY,2422.3
2020-09-30,HDFCBANK,BUY,1078.6
2020-10-01,HDFCBANK,SELL,1106.95
2020-10-01,ICICIBANK,BUY,369.20001
2020-10-01,BAJFINANCE,BUY,3442.8
2020-10-05,TCS,SELL,2705.8
2020-10-05,HDFCBANK,BUY,1114.35
2020-10-05,ICICIBANK,SELL,373.10001
2020-10-05,BAJFINANCE,SELL,3382.8999
2020-10-06,TCS,BUY,2714.3
2020-10-06,ICICIBANK,BUY,380.60001
2020-10-06,SBIN,BUY,191.60001
2020-10-06,BAJFINANCE,BUY,3474.3
2020-10-07,INFY,SELL,1066.55
2020-10-07,SBIN,SELL,190.7
2020-10-07,BAJFINANCE,SELL,3331.1499
2020-10-08,HDFCBANK,SELL,1191.8
2020-10-08,INFY,BUY,1093.7
2020-10-08,SBIN,BUY,191.5
2020-10-09,HDFCBANK,BUY,1233.55
2020-10-09,SBIN,SELL,198.3
2020-10-12,ICICIBANK,SELL,404.04999
2020-10-12,SBIN,BUY,198.7
2020-10-13,ICICIBANK,BUY,396.25
2020-10-13,SBIN,SELL,195.7
2020-10-14,BAJFINANCE,BUY,3372.05
2020-10-15,HDFCBANK,SELL,1169.25
2020-10-15,BAJFINANCE,SELL,3214.75
2020-10-16,HDFCBANK,BUY,1199.35
2020-10-20,RELIANCE,SELL,978.62656368
2020-10-21,ICICIBANK,SELL,420.29999
2020-10-22,ICICIBANK,BUY,412.89999
2020-10-22,SBIN,BUY,203.3
2020-10-22,BAJFINANCE,BUY,3314.45
2020-10-23,BAJFINANCE,SELL,3316.8999
2020-10-26,SBIN,SELL,196.7
2020-10-27,TCS,SELL,2630.1499
2020-10-27,BAJFINANCE,BUY,3453.25
2020-10-28,ICICIBANK,SELL,396.04999
2020-10-29,ICICIBANK,BUY,399.89999
2020-10-30,INFY,SELL,1060.6
2020-10-30,BAJFINANCE,SELL,3309.0
2020-11-02,BAJFINANCE,BUY,3419.8
2020-11-03,ICICIBANK,SELL,443.85001
2020-11-03,SBIN,BUY,204.75
2020-11-04,ICICIBANK,BUY,437.04999
2020-11-05,SBIN,SELL,218.64999
2020-11-05,BAJFINANCE,SELL,3736.8999
2020-11-06,TCS,BUY,2707.45
2020-11-06,HDFCBANK,SELL,1307.65
2020-11-06,INFY,BUY,1112.75
2020-11-06,SBIN,BUY,219.2
2020-11-06,BAJFINANCE,BUY,3780.75
2020-11-09,HDFCBANK,BUY,1340.55
2020-11-10,ICICIBANK,SELL,483.85001
2020-11-10,BAJFINANCE,SELL,4208.5498
2020-11-11,ICICIBANK,BUY,486.54999
2020-11-11,SBIN,SELL,234.2
2020-11-11,BAJFINANCE,BUY,4268.7998
2020-11-12,SBIN,BUY,226.8
2020-11-18,SBIN,SELL,252.0
2020-11-18,BAJFINANCE,SELL,4653.75
2020-11-19,SBIN,BUY,239.75
2020-11-19,BAJFINANCE,BUY,4536.5498
2020-11-23,ICICIBANK,SELL,468.25
2020-11-23,BAJFINANCE,SELL,4811.4502
2020-11-24,HDFCBANK,SELL,1438.2
2020-11-24,ICICIBANK,BUY,478.20001
2020-11-24,BAJFINANCE,BUY,4810.6499
2020-11-25,HDFCBANK,BUY,1402.8
2020-12-01,ITC,BUY,183.50131945
2020-12-03,SBIN,SELL,256.29999
2020-12-04,SBIN,BUY,263.5
2020-12-07,ICICIBANK,SELL,510.45001
2020-12-08,ICICIBANK,BUY,508.39999
2020-12-08,HINDUNILVR,BUY,2260.0
2020-12-10,ITC,SELL,200.77537374
2020-12-11,ITC,BUY,204.1735465
2020-12-14,BHARTIARTL,BUY,493.78531845
2020-12-15,BAJFINANCE,SELL,5122.5
2020-12-16,BAJFINANCE,BUY,5146.6001
2020-12-18,INFY,SELL,1189.8
2020-12-21,INFY,BUY,1177.3
2020-12-21,ITC,SELL,191.57198919
2020-12-21,SBIN,SELL,254.7
2020-12-22,TCS,SELL,2872.5
2020-12-23,TCS,BUY,2908.75
2020-12-23,INFY,SELL,1253.05
2020-12-23,ITC,BUY,196.1028862
2020-12-23,SBIN,BUY,263.0
2020-12-24,HINDUNILVR,SELL,2402.25
2020-12-24,INFY,BUY,1236.05
2020-12-28,HINDUNILVR,BUY,2388.8999
2021-01-01,SBIN,SELL,279.39999
2021-01-04,SBIN,BUY,281.04999
2021-01-05,TCS,SELL,3093.0
2021-01-06,TCS,BUY,3051.5
2021-01-06,ICICIBANK,SELL,546.70001
2021-01-07,ICICIBANK,BUY,541.09998
2021-01-07,BHARTIARTL,SELL,535.20813087
2021-01-08,INFY,SELL,1312.1
2021-01-08,ITC,SELL,190.20328072
2021-01-08,BHARTIARTL,BUY,530.30021587
2021-01-11,INFY,BUY,1376.2
2021-01-11,BAJFINANCE,SELL,4984.25
2021-01-13,ITC,BUY,199.40666527
2021-01-13,BHARTIARTL,SELL,567.60036988
2021-01-13,SBIN,SELL,306.79999
2021-01-14,TCS,SELL,3250.7
2021-01-14,BHARTIARTL,BUY,569.85800097
2021-01-14,SBIN,BUY,307.25
2021-01-15,TCS,BUY,3233.3501
2021-01-18,INFY,SELL,1312.05
2021-01-18,SBIN,SELL,294.45001
2021-01-19,HDFCBANK,SELL,1503.85
2021-01-19,INFY,BUY,1316.65
2021-01-19,SBIN,BUY,298.60001
2021-01-20,HDFCBANK,BUY,1492.0
2021-01-21,BAJFINANCE,BUY,5118.2998
2021-01-22,HDFCBANK,SELL,1443.55
2021-01-22,SBIN,SELL,283.70001
2021-01-25,HDFCBANK,BUY,1462.85
2021-01-25,BAJFINANCE,SELL,4908.7002
2021-01-27,HDFCBANK,SELL,1409.6
2021-01-27,ICICIBANK,SELL,522.34998
2021-01-28,HINDUNILVR,SELL,2300.3999
2021-01-28,INFY,SELL,1276.2
2021-01-29,TCS,SELL,3111.3501
2021-01-29,ITC,SELL,191.85517025
2021-01-29,BHARTIARTL,SELL,543.40432929
2021-02-01,HDFCBANK,BUY,1476.75
2021-02-01,ICICIBANK,BUY,603.79999
2021-02-01,ITC,BUY,203.84316859
2021-02-01,BHARTIARTL,BUY,568.48381421
2021-02-01,SBIN,BUY,310.70001
2021-02-01,BAJFINANCE,BUY,5058.6001
2021-02-02,TCS,BUY,3203.45
2021-02-02,SBIN,SELL,333.10001
2021-02-03,HDFCBANK,SELL,1574.8
2021-02-03,SBIN,BUY,335.95001
2021-02-04,HDFCBANK,BUY,1579.1
2021-02-04,ITC,SELL,217.05828487
2021-02-04,BAJFINANCE,SELL,5504.8501
2021-02-05,ITC,BUY,221.21161656
2021-02-05,SBIN,SELL,393.10001
2021-02-05,BAJFINANCE,BUY,5538.5498
2021-02-08,SBIN,BUY,397.04999
2021-02-11,ITC,SELL,213.7545058
2021-02-12,ICICIBANK,SELL,647.59998
2021-02-12,INFY,BUY,1309.8
2021-02-15,ICICIBANK,BUY,673.95001
2021-02-17,TCS,SELL,3073.1001
2021-02-18,ICICIBANK,SELL,644.65002
2021-02-18,ITC,BUY,206.58059497
2021-02-19,ICICIBANK,BUY,624.04999
2021-02-22,INFY,SELL,1265.2
2021-02-22,ITC,SELL,195.44213038
2021-02-23,HDFCBANK,SELL,1529.15
2021-02-24,HDFCBANK,BUY,1610.0
2021-02-26,RELIANCE,BUY,946.8061511
2021-02-26,HDFCBANK,SELL,1534.4
2021-02-26,ICICIBANK,SELL,597.75
2021-02-26,BHARTIARTL,SELL,546.05461321
2021-02-26,BAJFINANCE,SELL,5264.8999
2021-03-02,INFY,BUY,1304.5
2021-03-03,HDFCBANK,BUY,1586.85
2021-03-03,ICICIBANK,BUY,632.09998
2021-03-03,BAJFINANCE,BUY,5542.8999
2021-03-05,HDFCBANK,SELL,1530.0
2021-03-05,ICICIBANK,SELL,609.45001
2021-03-05,SBIN,SELL,383.64999
2021-03-08,BAJFINANCE,SELL,5320.6499
2021-03-09,TCS,BUY,3050.95
2021-03-10,TCS,SELL,3070.95
2021-03-10,BAJFINANCE,BUY,5545.0498
2021-03-12,TCS,BUY,3057.95
2021-03-16,INFY,SELL,1384.0
2021-03-17,INFY,BUY,1387.0
2021-03-17,ITC,BUY,198.79311574
2021-03-17,BAJFINANCE,SELL,5359.7998
2021-03-18,RELIANCE,SELL,911.98975845
2021-03-18,INFY,SELL,1337.1
2021-03-18,ITC,SELL,205.44785184
2021-03-19,INFY,BUY,1344.45
2021-03-19,ITC,BUY,210.45072673
2021-03-19,BAJFINANCE,BUY,5453.25
2021-03-24,ITC,SELL,203.84316859
2021-03-24,BAJFINANCE,SELL,5270.2998
2021-03-25,ITC,BUY,199.73705261
2021-03-30,HDFCBANK,BUY,1553.7
2021-03-31,HDFCBANK,SELL,1493.65
2021-04-01,HINDUNILVR,BUY,2399.1001
2021-04-06,TCS,SELL,3264.7
2021-04-07,TCS,BUY,3271.3999
2021-04-07,INFY,SELL,1430.2
2021-04-08,INFY,BUY,1439.85
2021-04-12,ITC,SELL,193.79024085
2021-04-13,TCS,SELL,3104.05
2021-04-15,TCS,BUY,3218.95
2021-04-15,INFY,SELL,1360.75
2021-04-22,TCS,SELL,3118.8
2021-04-22,ICICIBANK,BUY,579.20001
2021-04-23,ICICIBANK,SELL,569.95001
2021-04-23,HINDUNILVR,SELL,2307.75
2021-04-26,ICICIBANK,BUY,591.09998
2021-04-27,ICICIBANK,SELL,598.75
2021-04-27,SBIN,BUY,353.04999
2021-04-28,ICICIBANK,BUY,621.34998
2021-04-28,HINDUNILVR,BUY,2406.55
2021-04-28,SBIN,SELL,363.39999
2021-04-29,SBIN,BUY,359.39999
2021-04-30,ICICIBANK,SELL,600.5
2021-04-30,SBIN,SELL,353.5
2021-05-03,ICICIBANK,BUY,596.75
2021-05-03,SBIN,BUY,350.60001
2021-05-04,SBIN,SELL,351.5
2021-05-05,SBIN,BUY,355.39999
2021-05-06,SBIN,SELL,355.54999
2021-05-07,SBIN,BUY,358.25
2021-05-10,TCS,BUY,3145.5
2021-05-11,TCS,SELL,3122.6001
2021-05-12,HINDUNILVR,SELL,2328.95
2021-05-17,SBIN,SELL,383.10001
2021-05-18,ICICIBANK,SELL,633.20001
2021-05-18,SBIN,BUY,382.25
2021-05-18,BAJFINANCE,BUY,5688.75
2021-05-19,ICICIBANK,BUY,625.45001
2021-05-21,INFY,BUY,1354.5
2021-05-24,INFY,SELL,1348.05
2021-05-24,SBIN,SELL,412.04999
2021-05-25,INFY,BUY,1361.6
2021-05-25,SBIN,BUY,412.35001
2021-06-02,SBIN,SELL,437.25
2021-06-03,RELIANCE,BUY,1003.02527428
2021-06-03,HINDUNILVR,BUY,2363.25
2021-06-03,SBIN,BUY,439.64999
2021-06-04,HINDUNILVR,SELL,2342.05
2021-06-08,HINDUNILVR,BUY,2359.0
2021-06-09,HINDUNILVR,SELL,2356.0
2021-06-09,SBIN,SELL,421.45001
2021-06-10,HINDUNILVR,BUY,2378.8
2021-06-10,SBIN,BUY,432.25
2021-06-10,BAJFINANCE,SELL,6086.3999
2021-06-11,TCS,BUY,3273.8
2021-06-11,INFY,SELL,1446.9
2021-06-11,BAJFINANCE,BUY,6120.0
2021-06-14,INFY,BUY,1461.8
2021-06-18,SBIN,SELL,412.89999
2021-06-24,HDFCBANK,BUY,1506.25
2021-06-24,INFY,SELL,1559.2
2021-06-25,RELIANCE,SELL,955.27193627
2021-06-25,INFY,BUY,1574.2
2021-06-25,SBIN,BUY,428.79999
2021-06-28,HDFCBANK,SELL,1508.35
2021-07-06,HDFCBANK,BUY,1534.7
2021-07-12,HDFCBANK,SELL,1487.0
2021-07-13,HDFCBANK,BUY,1501.85
2021-07-13,ICICIBANK,SELL,664.95001
2021-07-14,ICICIBANK,BUY,664.34998
2021-07-19,TCS,SELL,3184.6001
2021-07-20,HDFCBANK,SELL,1443.15
2021-07-20,ICICIBANK,SELL,641.90002
2021-07-22,RELIANCE,BUY,962.64829065
2021-07-22,ICICIBANK,BUY,655.95001
2021-07-23,HINDUNILVR,SELL,2358.1001
2021-07-26,RELIANCE,SELL,942.74352747
2021-07-29,BHARTIARTL,BUY,556.70481821
2021-08-02,TCS,BUY,3219.3999
2021-08-03,RELIANCE,BUY,947.69131363
2021-08-04,RELIANCE,SELL,954.95418562
2021-08-04,ICICIBANK,SELL,714.65002
2021-08-04,SBIN,SELL,456.95001
2021-08-05,RELIANCE,BUY,968.79903538
2021-08-05,ICICIBANK,BUY,702.45001
2021-08-05,SBIN,BUY,441.85001
2021-08-06,RELIANCE,SELL,948.28142198
2021-08-06,BHARTIARTL,SELL,596.70432547
2021-08-09,BHARTIARTL,BUY,588.21361289
2021-08-10,RELIANCE,BUY,947.82749248
2021-08-10,INFY,SELL,1677.25
2021-08-10,ITC,BUY,198.08516308
2021-08-10,SBIN,SELL,426.45001
2021-08-11,RELIANCE,SELL,961.10493035
2021-08-11,INFY,BUY,1677.55
2021-08-12,RELIANCE,BUY,958.01820975
2021-08-13,TCS,SELL,3463.3999
2021-08-13,BHARTIARTL,SELL,625.31744048
2021-08-16,TCS,BUY,3472.95
2021-08-16,BHARTIARTL,BUY,622.37269148
2021-08-18,HDFCBANK,BUY,1513.0
2021-08-18,BAJFINANCE,SELL,6544.1001
2021-08-20,ICICIBANK,SELL,680.70001
2021-08-20,BHARTIARTL,SELL,602.39749706
2021-08-20,BAJFINANCE,BUY,6661.1001
2021-08-23,HINDUNILVR,BUY,2634.1499
2021-08-23,BHARTIARTL,BUY,611.18267472
2021-08-24,ICICIBANK,BUY,694.45001
2021-08-25,ITC,SELL,194.82856197
2021-08-26,BHARTIARTL,SELL,576.09108247
2021-08-27,TCS,SELL,3720.1499
2021-08-30,RELIANCE,SELL,1030.53344737
2021-08-30,TCS,BUY,3701.3
2021-08-30,BHARTIARTL,BUY,609.02318231
2021-08-30,BAJFINANCE,SELL,7165.5
2021-08-31,RELIANCE,BUY,1025.04085503
2021-08-31,ITC,BUY,199.45386211
2021-08-31,BHARTIARTL,SELL,651.82018149
2021-08-31,SBIN,BUY,426.04999
2021-08-31,BAJFINANCE,BUY,7524.5
2021-09-01,BHARTIARTL,BUY,654.12693098
2021-09-01,SBIN,SELL,429.89999
2021-09-02,HINDUNILVR,SELL,2801.05
2021-09-02,SBIN,BUY,429.75
2021-09-03,HINDUNILVR,BUY,2766.7
2021-09-06,RELIANCE,SELL,1101.05144059
2021-09-07,RELIANCE,BUY,1107.99647116
2021-09-15,TCS,SELL,3954.55
2021-09-15,BHARTIARTL,SELL,712.13846667
2021-09-16,TCS,BUY,3903.3
2021-09-16,ITC,SELL,217.81343437
2021-09-16,BHARTIARTL,BUY,705.36552433
2021-09-16,SBIN,SELL,463.70001
2021-09-17,ITC,BUY,218.19099968
2021-09-17,SBIN,BUY,454.10001
2021-09-20,SBIN,SELL,437.45001
2021-09-21,SBIN,BUY,438.79999
2021-09-27,HDFCBANK,SELL,1625.1
2021-09-28,TCS,SELL,3779.1499
2021-09-28,HDFCBANK,BUY,1615.05
2021-10-01,BHARTIARTL,SELL,675.90002
2021-10-05,RELIANCE,SELL,1184.3928514
2021-10-05,TCS,BUY,3833.3
2021-10-05,BHARTIARTL,BUY,699.25
2021-10-06,RELIANCE,BUY,1161.99147597
2021-10-07,HINDUNILVR,SELL,2669.3999
2021-10-11,TCS,SELL,3685.6001
2021-10-11,SBIN,SELL,469.25
2021-10-12,SBIN,BUY,483.0
2021-10-13,ITC,SELL,235.22906975
2021-10-14,ITC,BUY,242.16699635
2021-10-18,ICICIBANK,SELL,745.45001
2021-10-18,INFY,SELL,1792.15
2021-10-19,RELIANCE,SELL,1240.06734997
2021-10-19,ICICIBANK,BUY,747.45001
2021-10-19,INFY,BUY,1822.15
2021-10-19,ITC,SELL,232.1612749
2021-10-20,RELIANCE,BUY,1225.79117641
2021-10-20,ITC,BUY,232.77484331
2021-10-21,INFY,SELL,1753.65
2021-10-22,INFY,BUY,1719.8
2021-10-22,ITC,SELL,223.33547454
2021-10-25,RELIANCE,SELL,1181.0337731
2021-10-25,ICICIBANK,SELL,841.70001
2021-10-26,RELIANCE,BUY,1207.92909598
2021-10-26,ICICIBANK,BUY,829.40002
2021-10-26,SBIN,SELL,512.54999
2021-10-27,SBIN,BUY,519.15002
2021-10-28,ICICIBANK,SELL,798.70001
2021-10-28,SBIN,SELL,501.35001
2021-10-29,RELIANCE,SELL,1151.27869438
2021-10-29,ICICIBANK,BUY,802.04999
2021-10-29,INFY,SELL,1667.75
2021-10-29,SBIN,BUY,502.14999
2021-11-08,INFY,BUY,1737.5
2021-11-10,HDFCBANK,SELL,1555.25
2021-11-11,ICICIBANK,SELL,771.45001
2021-11-12,RELIANCE,BUY,1177.08463184
2021-11-12,BHARTIARTL,SELL,743.5
2021-11-15,ITC,BUY,224.75137985
2021-11-15,BHARTIARTL,BUY,737.54999
2021-11-17,RELIANCE,SELL,1118.482288
2021-11-18,BHARTIARTL,SELL,714.34998
2021-11-22,ITC,SELL,217.95501546
2021-11-22,BHARTIARTL,BUY,742.09998
2021-11-22,SBIN,SELL,486.39999
2021-11-22,BAJFINANCE,SELL,7058.2998
2021-11-23,ITC,BUY,218.61579015
2021-11-26,ITC,SELL,211.44186045
2021-12-02,RELIANCE,BUY,1127.03890447
2021-12-03,RELIANCE,SELL,1093.17571837
2021-12-03,BHARTIARTL,SELL,718.34998
2021-12-08,ICICIBANK,BUY,753.40002
2021-12-08,SBIN,BUY,491.54999
2021-12-08,BAJFINANCE,BUY,7361.5
2021-12-09,RELIANCE,BUY,1115.05512027
2021-12-09,ICICIBANK,SELL,755.0
2021-12-09,ITC,BUY,222.20273141
2021-12-09,SBIN,SELL,488.64999
2021-12-09,BAJFINANCE,SELL,7440.2998
2021-12-10,RELIANCE,SELL,1116.18994403
2021-12-10,ICICIBANK,BUY,758.0
2021-12-10,ITC,SELL,222.8635061
2021-12-10,SBIN,BUY,494.70001
2021-12-10,BAJFINANCE,BUY,7452.5
2021-12-13,ITC,BUY,221.44760078
2021-12-13,BAJFINANCE,SELL,7218.75
2021-12-15,ITC,SELL,211.48905729
2021-12-17,ICICIBANK,SELL,728.29999
2021-12-17,SBIN,SELL,467.79999
2021-12-23,INFY,SELL,1857.6
2021-12-24,INFY,BUY,1863.5
2021-12-27,ICICIBANK,BUY,736.0
2021-12-28,ICICIBANK,SELL,735.79999
2021-12-29,ICICIBANK,BUY,735.70001
2021-12-30,ICICIBANK,SELL,735.70001
2021-12-31,ICICIBANK,BUY,740.15002
2022-01-03,TCS,BUY,3817.75
2022-01-03,SBIN,BUY,470.79999
2022-01-04,SBIN,SELL,483.5
2022-01-05,ICICIBANK,SELL,788.04999
2022-01-05,SBIN,BUY,492.39999
2022-01-06,ICICIBANK,BUY,785.04999
2022-01-17,BHARTIARTL,BUY,728.59998
2022-01-19,BHARTIARTL,SELL,703.70001
2022-01-20,BHARTIARTL,BUY,715.40002
2022-01-21,INFY,SELL,1785.7
2022-01-24,BHARTIARTL,SELL,689.90002
2022-01-25,BHARTIARTL,BUY,711.84998
2022-01-27,TCS,SELL,3649.25
2022-01-27,SBIN,SELL,528.95001
2022-01-28,SBIN,BUY,523.45001
2022-02-02,TCS,BUY,3856.2
2022-02-11,TCS,SELL,3694.95
2022-02-14,ICICIBANK,SELL,753.70001
2022-02-14,BHARTIARTL,SELL,689.70001
2022-02-14,SBIN,SELL,501.39999
2022-02-15,TCS,BUY,3817.8
2022-02-15,SBIN,BUY,524.79999
2022-02-16,BHARTIARTL,BUY,721.79999
2022-02-22,TCS,SELL,3586.3999
2022-02-22,BHARTIARTL,SELL,699.25
2022-02-22,SBIN,SELL,498.39999
2022-03-17,ITC,BUY,231.17013174
2022-03-22,INFY,BUY,1887.4
2022-03-29,RELIANCE,BUY,1190.45281023
2022-04-01,BHARTIARTL,BUY,758.5
2022-04-05,TCS,BUY,3814.8
2022-04-06,INFY,SELL,1828.85
2022-04-06,ITC,SELL,245.04602271
2022-04-07,TCS,SELL,3684.1499
2022-04-07,ITC,BUY,242.26139004
2022-04-07,SBIN,BUY,514.95001
2022-04-11,HDFCBANK,BUY,1496.15
2022-04-11,BAJFINANCE,BUY,7336.6499
2022-04-18,RELIANCE,SELL,1154.72860397
2022-04-18,HDFCBANK,SELL,1395.45
2022-04-18,BHARTIARTL,SELL,729.5
2022-04-19,RELIANCE,BUY,1198.7370236
2022-04-20,BAJFINANCE,SELL,7032.5
2022-04-25,SBIN,SELL,494.75
2022-04-26,BHARTIARTL,BUY,756.29999
2022-04-28,RELIANCE,SELL,1280.01314597
2022-04-29,RELIANCE,BUY,1266.57678737
2022-05-04,RELIANCE,SELL,1222.72715228
2022-05-04,BHARTIARTL,SELL,722.40002
2022-05-19,ITC,SELL,260.19619071
2022-05-20,RELIANCE,BUY,1191.31527627
2022-05-20,ITC,BUY,264.30232556
2022-05-23,RELIANCE,SELL,1183.34876816
2022-05-24,RELIANCE,BUY,1187.41152797
2022-05-24,HINDUNILVR,BUY,2309.6499
2022-05-24,ITC,SELL,255.66531257
2022-05-25,ITC,BUY,257.4115958
2022-06-03,RELIANCE,SELL,1261.69704525
2022-06-06,RELIANCE,BUY,1256.27258773
2022-06-07,HINDUNILVR,SELL,2211.6001
2022-06-13,RELIANCE,SELL,1208.76882016
2022-06-15,ITC,SELL,248.63296396
2022-06-21,ITC,BUY,254.76855366
2022-06-23,HINDUNILVR,BUY,2252.6001
2022-07-04,ITC,SELL,275.53516496
2022-07-05,HINDUNILVR,SELL,2401.5
2022-07-05,ITC,BUY,270.81548057
2022-07-06,HINDUNILVR,BUY,2498.3999
2022-07-15,ICICIBANK,BUY,751.20001
2022-07-21,SBIN,BUY,512.04999
2022-07-22,ICICIBANK,SELL,800.04999
2022-07-25,ICICIBANK,BUY,800.90002
2022-07-27,ITC,SELL,287.0983917
2022-07-28,ITC,BUY,286.43765477
2022-08-02,HDFCBANK,BUY,1430.25
2022-08-03,BAJFINANCE,BUY,7296.3501
2022-08-08,HINDUNILVR,SELL,2650.3501
2022-08-10,HINDUNILVR,BUY,2642.8
2022-08-11,ICICIBANK,SELL,859.70001
2022-08-12,ICICIBANK,BUY,874.40002
2022-08-18,INFY,BUY,1582.95
2022-08-23,BHARTIARTL,BUY,737.59998
2022-08-25,RELIANCE,BUY,1194.76514048
2022-08-25,INFY,SELL,1518.15
2022-08-25,BAJFINANCE,SELL,7047.1499
2022-08-30,BAJFINANCE,BUY,7306.25
2022-09-02,RELIANCE,SELL,1148.66859975
2022-09-02,ITC,SELL,305.03319236
2022-09-05,ITC,BUY,310.41365144
2022-09-08,SBIN,SELL,544.65002
2022-09-09,SBIN,BUY,553.34998
2022-09-12,INFY,BUY,1536.2
2022-09-13,RELIANCE,BUY,1189.18180763
2022-09-13,INFY,SELL,1544.95
2022-09-13,BHARTIARTL,SELL,784.25
2022-09-14,HDFCBANK,SELL,1528.65
2022-09-14,BHARTIARTL,BUY,783.34998
2022-09-15,HDFCBANK,BUY,1520.7
2022-09-15,HINDUNILVR,SELL,2560.3999
2022-09-16,RELIANCE,SELL,1134.4606064
2022-09-20,HINDUNILVR,BUY,2583.55
2022-09-23,HDFCBANK,SELL,1446.15
2022-09-26,BHARTIARTL,SELL,755.04999
2022-09-27,SBIN,SELL,536.5
2022-09-29,ICICIBANK,SELL,843.90002
2022-09-30,BHARTIARTL,BUY,799.90002
2022-10-12,BHARTIARTL,SELL,775.54999
2022-10-17,HDFCBANK,BUY,1446.55
2022-10-17,ICICIBANK,BUY,885.20001
2022-10-17,SBIN,BUY,543.65002
2022-10-18,HDFCBANK,SELL,1443.85
2022-10-18,BHARTIARTL,BUY,783.15002
2022-10-19,HDFCBANK,BUY,1458.65
2022-10-20,HDFCBANK,SELL,1448.8
2022-10-20,ITC,SELL,330.09473533
2022-10-21,HDFCBANK,BUY,1438.6
2022-10-21,ITC,BUY,326.22459413
2022-10-24,HDFCBANK,SELL,1461.05
2022-10-25,HDFCBANK,BUY,1450.9
2022-10-25,HINDUNILVR,SELL,2505.3999
2022-10-25,SBIN,SELL,578.54999
2022-10-27,SBIN,BUY,579.65002
2022-10-27,BAJFINANCE,SELL,6971.1001
2022-10-31,BHARTIARTL,SELL,832.0
2022-11-01,BHARTIARTL,BUY,835.54999
2022-11-02,INFY,BUY,1553.3
2022-11-02,BHARTIARTL,SELL,809.84998
2022-11-03,BHARTIARTL,BUY,818.65002
2022-11-09,SBIN,SELL,615.54999
2022-11-10,INFY,SELL,1501.95
2022-11-10,SBIN,BUY,605.75
2022-11-11,RELIANCE,BUY,1194.6516581
2022-11-11,HDFCBANK,SELL,1611.15
2022-11-11,INFY,BUY,1570.1
2022-11-14,TCS,BUY,3335.5
2022-11-14,HDFCBANK,BUY,1615.05
2022-11-21,RELIANCE,SELL,1157.92871616
2022-11-22,RELIANCE,BUY,1164.35186398
2022-11-24,ICICIBANK,SELL,938.84998
2022-11-25,ICICIBANK,BUY,930.29999
2022-11-30,RELIANCE,SELL,1239.84038522
2022-12-01,RELIANCE,BUY,1236.18620735
2022-12-09,RELIANCE,SELL,1184.34750384
2022-12-13,HINDUNILVR,BUY,2710.3
2022-12-16,ICICIBANK,SELL,902.0
2022-12-16,INFY,SELL,1522.2
2022-12-16,ITC,SELL,316.31325692
2022-12-19,TCS,SELL,3202.05
2022-12-19,ITC,BUY,321.41050662
2022-12-22,ITC,SELL,313.8118242
2022-12-23,HINDUNILVR,SELL,2621.1001
2022-12-23,SBIN,SELL,574.0
2022-12-28,BHARTIARTL,SELL,803.79999
2022-12-29,SBIN,BUY,611.79999
2023-01-03,TCS,BUY,3311.3501
2023-01-06,TCS,SELL,3211.55
2023-01-09,RELIANCE,BUY,1178.7641256
2023-01-09,TCS,BUY,3319.95
2023-01-09,HINDUNILVR,BUY,2624.05
2023-01-09,BHARTIARTL,BUY,819.40002
2023-01-10,RELIANCE,SELL,1161.33318741
2023-01-10,HINDUNILVR,SELL,2643.8501
2023-01-10,BHARTIARTL,SELL,792.84998
2023-01-13,HINDUNILVR,BUY,2624.0
2023-01-16,HINDUNILVR,SELL,2597.1001
2023-01-17,HINDUNILVR,BUY,2667.55
2023-01-17,SBIN,SELL,592.95001
2023-01-20,HINDUNILVR,SELL,2548.75
2023-01-24,HINDUNILVR,BUY,2600.5
2023-01-30,HINDUNILVR,SELL,2568.1499
2023-02-01,INFY,BUY,1551.1
2023-02-02,HINDUNILVR,BUY,2634.8501
2023-02-02,ITC,BUY,357.37451107
2023-02-08,TCS,SELL,3520.1001
2023-02-09,TCS,BUY,3540.8501
2023-02-09,HINDUNILVR,SELL,2586.7
2023-02-22,TCS,SELL,3401.55
2023-02-27,HDFCBANK,SELL,1592.9
2023-02-28,INFY,SELL,1487.55
2023-03-09,HDFCBANK,BUY,1630.7
2023-03-10,HDFCBANK,SELL,1588.65
2023-04-20,HDFCBANK,BUY,1671.9
2023-04-21,ITC,SELL,385.36223004
2023-04-24,ICICIBANK,BUY,904.75
2023-04-24,ITC,BUY,385.78701107
2023-05-10,BAJFINANCE,BUY,6631.5
2023-05-11,SBIN,BUY,573.45001
2023-05-12,RELIANCE,BUY,1127.71979872
2023-05-12,BHARTIARTL,BUY,791.95001
2023-05-22,HINDUNILVR,BUY,2638.1001
2023-05-24,HDFCBANK,SELL,1615.8
2023-05-24,ITC,SELL,409.19663618
2023-05-25,ITC,BUY,416.41774385
2023-05-31,BHARTIARTL,SELL,849.90002
2023-06-01,BHARTIARTL,BUY,827.95001
2023-06-01,BAJFINANCE,SELL,7040.5
2023-06-02,BAJFINANCE,BUY,7023.8999
2023-06-23,SBIN,SELL,554.59998
2023-06-30,BHARTIARTL,SELL,878.75
2023-07-03,BHARTIARTL,BUY,879.15002
2023-07-03,SBIN,BUY,585.45001
2023-07-04,HDFCBANK,BUY,1728.2
2023-07-04,BAJFINANCE,SELL,7860.4502
2023-07-05,HDFCBANK,SELL,1673.3
2023-07-05,ITC,SELL,448.4644197
2023-07-05,BAJFINANCE,BUY,7838.75
2023-07-06,RELIANCE,SELL,1197.80646813
2023-07-06,HDFCBANK,BUY,1675.0
2023-07-06,ICICIBANK,SELL,959.40002
2023-07-06,ITC,BUY,447.33167657
2023-07-07,RELIANCE,BUY,1195.46877659
2023-07-07,ICICIBANK,BUY,946.40002
2023-07-10,BAJFINANCE,SELL,7533.25
2023-07-11,BAJFINANCE,BUY,7444.0
2023-07-14,TCS,BUY,3514.6499
2023-07-17,RELIANCE,SELL,1269.50463265
2023-07-18,RELIANCE,BUY,1280.28545828
2023-07-20,INFY,BUY,1449.5
2023-07-21,TCS,SELL,3368.3
2023-07-21,INFY,SELL,1331.6
2023-07-24,TCS,BUY,3394.75
2023-07-24,HINDUNILVR,SELL,2580.25
2023-08-02,BAJFINANCE,SELL,7203.4502
2023-08-03,RELIANCE,SELL,1237.94995
2023-08-03,ITC,SELL,430.48240332
2023-08-04,INFY,BUY,1378.35
2023-08-07,RELIANCE,BUY,1261.92505
2023-08-09,HDFCBANK,SELL,1650.5
2023-08-09,SBIN,SELL,573.75
2023-08-22,ICICIBANK,SELL,952.0
2023-08-24,BAJFINANCE,BUY,7137.4502
2023-08-25,ICICIBANK,BUY,970.40002
2023-08-25,BAJFINANCE,SELL,7211.5
2023-08-28,RELIANCE,SELL,1221.875
2023-08-28,BAJFINANCE,BUY,7235.6001
2023-08-31,BHARTIARTL,SELL,856.40002
2023-09-04,INFY,SELL,1465.1
2023-09-05,INFY,BUY,1478.9
2023-09-06,ITC,BUY,422.36456505
2023-09-06,BHARTIARTL,BUY,880.29999
2023-09-07,ITC,SELL,420.90144401
2023-09-11,RELIANCE,BUY,1237.30005
2023-09-12,RELIANCE,SELL,1219.42505
2023-09-15,RELIANCE,BUY,1228.92505
2023-09-15,BHARTIARTL,SELL,936.15002
2023-09-18,RELIANCE,SELL,1218.225
2023-09-18,TCS,SELL,3606.1499
2023-09-18,BHARTIARTL,BUY,920.20001
2023-09-20,TCS,BUY,3606.05
2023-09-25,SBIN,BUY,594.04999
2023-09-25,BAJFINANCE,SELL,7819.8501
2023-09-26,ICICIBANK,SELL,948.70001
2023-09-26,BAJFINANCE,BUY,7870.6499
2023-10-03,INFY,SELL,1434.0
2023-10-06,INFY,BUY,1478.7
2023-10-13,INFY,SELL,1431.15
2023-10-13,SBIN,SELL,576.15002
2023-10-18,TCS,SELL,3487.25
2023-10-26,BAJFINANCE,SELL,7421.7998
2023-11-23,BHARTIARTL,SELL,976.65002
2023-11-24,BHARTIARTL,BUY,973.15002
2023-12-04,INFY,BUY,1464.35
2023-12-04,BHARTIARTL,SELL,1032.9
2023-12-05,BHARTIARTL,BUY,1031.1
2023-12-06,TCS,BUY,3604.1001
2023-12-07,BHARTIARTL,SELL,1000.0
2023-12-08,BHARTIARTL,BUY,1000.25
2023-12-13,ICICIBANK,BUY,1013.9
2023-12-13,SBIN,BUY,619.84998
2023-12-14,RELIANCE,BUY,1232.07495
2023-12-14,HDFCBANK,BUY,1650.15
2023-12-15,TCS,SELL,3861.0
2023-12-15,INFY,SELL,1578.4
2023-12-15,ITC,BUY,432.51188648
2023-12-18,TCS,BUY,3859.2
2023-12-18,HINDUNILVR,BUY,2535.5
2023-12-18,INFY,BUY,1564.35
2024-01-02,ICICIBANK,SELL,982.25
2024-01-03,TCS,SELL,3691.75
2024-01-03,INFY,SELL,1490.0
2024-01-05,INFY,BUY,1532.55
2024-01-09,BHARTIARTL,SELL,1064.5
2024-01-10,RELIANCE,SELL,1325.05005
2024-01-10,BHARTIARTL,BUY,1062.7
2024-01-11,RELIANCE,BUY,1359.9
2024-01-11,BAJFINANCE,BUY,7669.75
2024-01-12,TCS,BUY,3882.8
2024-01-12,ICICIBANK,BUY,1003.5
2024-01-15,INFY,SELL,1652.1
2024-01-16,INFY,BUY,1631.55
2024-01-16,BAJFINANCE,SELL,7456.6499
2024-01-17,HDFCBANK,SELL,1537.5
2024-01-20,HINDUNILVR,SELL,2468.8999
2024-01-23,BHARTIARTL,SELL,1158.0
2024-01-24,BHARTIARTL,BUY,1189.95
2024-01-29,RELIANCE,SELL,1448.05005
2024-01-30,RELIANCE,BUY,1407.625
2024-01-30,ITC,SELL,413.49153953
2024-02-01,BHARTIARTL,SELL,1151.2
2024-02-02,BHARTIARTL,BUY,1150.8
2024-02-05,BHARTIARTL,SELL,1113.55
2024-02-06,TCS,SELL,4136.0
2024-02-06,INFY,SELL,1729.45
2024-02-06,BHARTIARTL,BUY,1134.05
2024-02-07,TCS,BUY,4083.3999
2024-02-07,INFY,BUY,1693.75
2024-02-07,SBIN,SELL,675.25
2024-02-08,SBIN,BUY,699.54999
2024-02-14,SBIN,SELL,743.40002
2024-02-15,SBIN,BUY,761.70001
2024-02-23,RELIANCE,SELL,1493.625
2024-02-26,RELIANCE,BUY,1487.32495
2024-03-01,ICICIBANK,SELL,1086.9
2024-03-02,ICICIBANK,BUY,1084.65
2024-03-04,INFY,SELL,1637.2
2024-03-12,BHARTIARTL,SELL,1204.25
2024-03-13,RELIANCE,SELL,1432.17505
2024-03-13,BHARTIARTL,BUY,1168.75
2024-03-14,INFY,BUY,1653.3
2024-03-15,SBIN,SELL,731.90002
2024-03-18,INFY,SELL,1602.65
2024-03-22,TCS,SELL,3910.8999
2024-03-27,RELIANCE,BUY,1492.85
2024-04-01,SBIN,BUY,758.29999
2024-04-12,TCS,BUY,4001.3999
2024-04-15,TCS,SELL,3941.2
2024-04-18,BHARTIARTL,SELL,1265.75
2024-04-19,BHARTIARTL,BUY,1289.0
2024-04-19,BAJFINANCE,BUY,7119.5
2024-04-25,SBIN,SELL,812.70001
2024-04-26,SBIN,BUY,801.29999
2024-04-26,BAJFINANCE,SELL,6731.2002
2024-04-29,ICICIBANK,SELL,1160.15
2024-04-30,ICICIBANK,BUY,1150.4
2024-05-03,RELIANCE,SELL,1434.0
2024-05-06,HDFCBANK,BUY,1522.65
2024-05-09,HDFCBANK,SELL,1447.5
2024-05-09,ICICIBANK,SELL,1115.7
2024-05-10,ICICIBANK,BUY,1117.05
2024-05-18,ITC,BUY,412.1700279
2024-05-21,RELIANCE,BUY,1436.125
2024-05-22,RELIANCE,SELL,1460.65
2024-05-23,RELIANCE,BUY,1486.05005
2024-05-23,BHARTIARTL,SELL,1374.05
2024-05-24,BHARTIARTL,BUY,1388.5
2024-05-29,RELIANCE,SELL,1440.775
2024-05-31,HDFCBANK,BUY,1531.55
2024-05-31,ITC,SELL,402.54189064
2024-06-03,SBIN,SELL,905.65002
2024-06-04,HDFCBANK,SELL,1483.15
2024-06-04,ICICIBANK,SELL,1071.45
2024-06-04,BHARTIARTL,SELL,1299.7
2024-06-05,HDFCBANK,BUY,1551.8
2024-06-05,HINDUNILVR,BUY,2602.75
2024-06-05,BHARTIARTL,BUY,1344.35
2024-06-06,ITC,BUY,410.99010681
2024-06-07,ICICIBANK,BUY,1121.7
2024-06-07,BHARTIARTL,SELL,1425.25
2024-06-07,SBIN,BUY,829.95001
2024-06-10,BHARTIARTL,BUY,1426.05
2024-06-11,RELIANCE,BUY,1456.67505
2024-06-12,BAJFINANCE,BUY,7217.75
2024-06-13,HINDUNILVR,SELL,2487.3999
2024-06-14,HINDUNILVR,BUY,2479.75
2024-06-19,HDFCBANK,SELL,1657.85
2024-06-19,ITC,SELL,399.8988485
2024-06-20,HDFCBANK,BUY,1669.35
2024-06-20,BHARTIARTL,SELL,1381.15
2024-06-21,BHARTIARTL,BUY,1416.05
2024-06-24,RELIANCE,SELL,1441.475
2024-06-25,ICICIBANK,SELL,1197.95
2024-06-26,ICICIBANK,BUY,1218.0
2024-06-27,RELIANCE,BUY,1530.55005
2024-07-01,ITC,BUY,404.99610764
2024-07-02,ITC,SELL,401.64514116
2024-07-04,INFY,BUY,1650.65
2024-07-04,ITC,BUY,404.99610764
2024-07-05,ITC,SELL,409.33821727
2024-07-08,ITC,BUY,418.73040808
2024-07-11,BAJFINANCE,SELL,6950.2998
2024-07-15,TCS,BUY,4167.3501
2024-07-15,SBIN,SELL,883.0
2024-07-16,HINDUNILVR,SELL,2688.45
2024-07-16,SBIN,BUY,881.54999
2024-07-18,HDFCBANK,SELL,1614.8
2024-07-18,HINDUNILVR,BUY,2738.3999
2024-07-18,INFY,SELL,1758.05
2024-07-18,ITC,SELL,443.88631641
2024-07-19,INFY,BUY,1792.95
2024-07-19,ITC,BUY,447.94523554
2024-07-24,SBIN,SELL,852.0
2024-07-26,BHARTIARTL,SELL,1514.4
2024-07-26,SBIN,BUY,862.45001
2024-07-29,BHARTIARTL,BUY,1481.35
2024-08-01,HDFCBANK,BUY,1638.8
2024-08-05,RELIANCE,SELL,1447.32495
2024-08-05,ICICIBANK,SELL,1172.6
2024-08-05,SBIN,SELL,811.65002
2024-08-19,RELIANCE,BUY,1488.4
2024-08-19,TCS,SELL,4490.0
2024-08-20,RELIANCE,SELL,1495.94995
2024-08-20,TCS,BUY,4523.2998
2024-08-21,RELIANCE,BUY,1498.67505
2024-08-21,ITC,SELL,477.0656882
2024-08-22,RELIANCE,SELL,1498.125
2024-08-22,ICICIBANK,BUY,1191.1
2024-08-22,ITC,BUY,476.26334185
2024-08-23,RELIANCE,BUY,1499.975
2024-08-26,RELIANCE,SELL,1512.6
2024-08-27,RELIANCE,BUY,1500.44995
2024-08-28,RELIANCE,SELL,1498.30005
2024-08-28,INFY,SELL,1939.1
2024-08-29,RELIANCE,BUY,1520.92505
2024-08-29,INFY,BUY,1933.35
2024-08-30,BHARTIARTL,SELL,1589.05
2024-09-02,BHARTIARTL,BUY,1571.35
2024-09-06,RELIANCE,SELL,1464.82495
2024-09-09,HINDUNILVR,SELL,2921.8
2024-09-10,HINDUNILVR,BUY,2898.6
2024-09-10,BAJFINANCE,BUY,7241.85
2024-09-16,ICICIBANK,SELL,1262.85
2024-09-17,ICICIBANK,BUY,1268.1
2024-09-18,TCS,SELL,4346.15
2024-09-20,HDFCBANK,SELL,1741.2
2024-09-20,BHARTIARTL,SELL,1711.75
2024-09-23,RELIANCE,BUY,1493.375
2024-09-23,HDFCBANK,BUY,1759.8
2024-09-23,BHARTIARTL,BUY,1750.45
2024-09-24,RELIANCE,SELL,1489.375
2024-09-26,BAJFINANCE,SELL,7768.4
2024-09-27,BAJFINANCE,BUY,7756.0
2024-10-03,HDFCBANK,SELL,1682.0
2024-10-03,BHARTIARTL,SELL,1673.45
2024-10-03,BAJFINANCE,SELL,7433.85
2024-10-09,HINDUNILVR,SELL,2768.95
2024-10-11,ICICIBANK,SELL,1223.0
2024-10-11,ITC,SELL,460.82998335
2024-10-14,BHARTIARTL,BUY,1695.6
2024-10-21,HDFCBANK,BUY,1728.7
2024-10-21,INFY,SELL,1852.75
2024-10-22,ICICIBANK,BUY,1267.5
2024-10-29,BHARTIARTL,SELL,1637.1
2024-11-01,ITC,BUY,462.81225079
2024-11-04,ITC,SELL,457.43181059
2024-11-11,INFY,BUY,1860.1
2024-11-12,INFY,SELL,1868.8
2024-11-13,INFY,BUY,1868.4
2024-11-14,INFY,SELL,1864.55
2024-11-25,SBIN,BUY,844.45
2024-11-27,BHARTIARTL,BUY,1577.65
2024-11-28,BHARTIARTL,SELL,1560.4
2024-12-04,HDFCBANK,SELL,1860.1
2024-12-05,HDFCBANK,BUY,1865.75
2024-12-06,INFY,BUY,1922.4
2024-12-12,TCS,BUY,4454.95
2024-12-13,ICICIBANK,SELL,1344.9
2024-12-16,ICICIBANK,BUY,1346.1
2024-12-16,BHARTIARTL,BUY,1662.55
2024-12-18,BHARTIARTL,SELL,1601.9
2024-12-19,TCS,SELL,4271.9
2024-12-19,HDFCBANK,SELL,1793.5
2024-12-19,ICICIBANK,SELL,1286.9
2024-12-20,SBIN,SELL,812.0
2025-01-06,BAJFINANCE,BUY,7349.35
2025-01-17,INFY,SELL,1815.45
2025-01-30,BAJFINANCE,SELL,7901.65
2025-01-31,BAJFINANCE,BUY,7885.1
2025-02-03,BAJFINANCE,SELL,8425.8
2025-02-04,BAJFINANCE,BUY,8475.35
2025-02-07,BHARTIARTL,BUY,1676.75
2025-02-11,BAJFINANCE,SELL,8191.2
2025-02-12,BAJFINANCE,BUY,8214.05
2025-02-24,BHARTIARTL,SELL,1601.3
2025-03-11,BHARTIARTL,BUY,1662.95
2025-03-19,BAJFINANCE,SELL,8731.6
2025-03-20,BAJFINANCE,BUY,8679.65
2025-03-28,HDFCBANK,BUY,1828.2
2025-03-28,ICICIBANK,BUY,1348.35
2025-04-01,HDFCBANK,SELL,1767.85
2025-04-02,HDFCBANK,BUY,1796.9
2025-04-07,ICICIBANK,SELL,1287.55
2025-04-15,ICICIBANK,BUY,1350.2
2025-04-15,BHARTIARTL,SELL,1798.8
2025-04-16,BHARTIARTL,BUY,1822.6
2025-04-17,HDFCBANK,SELL,1906.7
